<?xml version="1.0" encoding="UTF-8"?>
<DEFECTS>
  <DEFECT>
    <SFA>
      <FILEPATH>c:\users\fttatar\desktop\vmshared\s2e\guest\windows\libcommon\src\</FILEPATH>
      <FILENAME>s2e-c.c</FILENAME>
      <LINE>81</LINE>
      <COLUMN>16</COLUMN>
    </SFA>
    <DEFECTCODE>6320</DEFECTCODE>
    <DESCRIPTION>Exception-filter expression is the constant EXCEPTION_EXECUTE_HANDLER. This might mask exceptions that were not intended to be handled.</DESCRIPTION>
    <FUNCTION>S2EMessage</FUNCTION>
    <DECORATED>S2EMessage@4</DECORATED>
    <FUNCLINE>76</FUNCLINE>
    <PATH></PATH>
  </DEFECT>
  <DEFECT>
    <SFA>
      <FILEPATH>c:\users\fttatar\desktop\vmshared\s2e\guest\windows\libcommon\src\</FILEPATH>
      <FILENAME>s2e-c.c</FILENAME>
      <LINE>93</LINE>
      <COLUMN>16</COLUMN>
    </SFA>
    <DEFECTCODE>6320</DEFECTCODE>
    <DESCRIPTION>Exception-filter expression is the constant EXCEPTION_EXECUTE_HANDLER. This might mask exceptions that were not intended to be handled.</DESCRIPTION>
    <FUNCTION>S2EInvokePlugin</FUNCTION>
    <DECORATED>S2EInvokePlugin@12</DECORATED>
    <FUNCLINE>86</FUNCLINE>
    <PATH></PATH>
  </DEFECT>
  <DEFECT>
    <SFA>
      <FILEPATH>c:\users\fttatar\desktop\vmshared\s2e\guest\windows\libcommon\src\</FILEPATH>
      <FILENAME>s2e-c.c</FILENAME>
      <LINE>93</LINE>
      <COLUMN>43</COLUMN>
    </SFA>
    <DEFECTCODE>6322</DEFECTCODE>
    <DESCRIPTION>Empty _except block.</DESCRIPTION>
    <FUNCTION>S2EInvokePlugin</FUNCTION>
    <DECORATED>S2EInvokePlugin@12</DECORATED>
    <FUNCLINE>86</FUNCLINE>
    <PATH></PATH>
  </DEFECT>
  <DEFECT>
    <SFA>
      <FILEPATH>c:\users\fttatar\desktop\vmshared\s2e\guest\windows\libcommon\src\</FILEPATH>
      <FILENAME>s2e-c.c</FILENAME>
      <LINE>104</LINE>
      <COLUMN>16</COLUMN>
    </SFA>
    <DEFECTCODE>6320</DEFECTCODE>
    <DESCRIPTION>Exception-filter expression is the constant EXCEPTION_EXECUTE_HANDLER. This might mask exceptions that were not intended to be handled.</DESCRIPTION>
    <FUNCTION>S2EInvokePluginConcrete</FUNCTION>
    <DECORATED>S2EInvokePluginConcrete@12</DECORATED>
    <FUNCLINE>99</FUNCLINE>
    <PATH></PATH>
  </DEFECT>
  <DEFECT>
    <SFA>
      <FILEPATH>c:\users\fttatar\desktop\vmshared\s2e\guest\windows\libcommon\src\</FILEPATH>
      <FILENAME>s2e-c.c</FILENAME>
      <LINE>104</LINE>
      <COLUMN>43</COLUMN>
    </SFA>
    <DEFECTCODE>6322</DEFECTCODE>
    <DESCRIPTION>Empty _except block.</DESCRIPTION>
    <FUNCTION>S2EInvokePluginConcrete</FUNCTION>
    <DECORATED>S2EInvokePluginConcrete@12</DECORATED>
    <FUNCLINE>99</FUNCLINE>
    <PATH></PATH>
  </DEFECT>
  <DEFECT>
    <SFA>
      <FILEPATH>c:\users\fttatar\desktop\vmshared\s2e\guest\windows\libcommon\src\</FILEPATH>
      <FILENAME>s2e-c.c</FILENAME>
      <LINE>129</LINE>
      <COLUMN>16</COLUMN>
    </SFA>
    <DEFECTCODE>6320</DEFECTCODE>
    <DESCRIPTION>Exception-filter expression is the constant EXCEPTION_EXECUTE_HANDLER. This might mask exceptions that were not intended to be handled.</DESCRIPTION>
    <FUNCTION>S2EWriteMemorySafe</FUNCTION>
    <DECORATED>S2EWriteMemorySafe</DECORATED>
    <FUNCLINE>124</FUNCLINE>
    <PATH></PATH>
  </DEFECT>
</DEFECTS>